<?xml version="1.0" encoding="UTF-8"?>
<!--Sample XML file generated by XMLSpy v2006 sp2 U (http://www.altova.com)-->

<nv:ServiceProvider xmlns:nv="www.nokia.com/multimedia/video-service" xmlns:xsi="http://www.w3.org/2001/XMLSchema-instance" nv:schemaLocation="www.forum.nokia.com/multimedia/video-service/IPTVProvSchema" Version="1.0">
	<nv:Service Type="VOD" Protocol="RSS2.0" ID="provisiontestsearch" Timestamp="2004-14-13T09:30:47.0Z">
	<nv:ServiceDetails>
	<nv:Text xml:lang="en">
	<nv:Title>Nokia Nseries</nv:Title>
	<nv:Description>Nokia Nseries</nv:Description>
	</nv:Text>
	</nv:ServiceDetails>
	<nv:ServiceURI>http://servicecatalogue.nokia.com/nokia/nseries.xml</nv:ServiceURI>
	<nv:IconURI>Z:\resource\apps\logo_nseries_studio.mif</nv:IconURI>
	<nv:searchURI>http://193.65.182.78/search.php?file=nseries.xml&amp;q=#search#</nv:searchURI>
	<nv:serviceAccountURI></nv:serviceAccountURI>
	<nv:Auth>
	<nv:UserName></nv:UserName>
	<nv:Password></nv:Password>
	</nv:Auth>
	<nv:IAP></nv:IAP>
	</nv:Service>
</nv:ServiceProvider>

