<?xml version="1.0" encoding="UTF-8"?>

<nv:ServiceProvider xmlns:nv="www.nokia.com/multimedia/video-service" xmlns:xsi="http://www.w3.org/2001/XMLSchema-instance" nv:schemaLocation="www.forum.nokia.com/multimedia/video-service/IPTVProvSchema" Version="1.0">

  <nv:ServiceFeed Type="ServiceGroup" Protocol="RSS2.0" ProviderID="SC_MULTIPLEGROUPS_SERVICE" Timestamp="2008-9-3T14:3:51.0Z">
    <nv:ServiceDetails>
      <nv:Text xml:lang="en">
        <nv:Title>SC Multiple groups 1</nv:Title>
        <nv:Description>One of the 3 groups in service file.</nv:Description>
      </nv:Text>
      <nv:ServiceGroupId>SC_MULTIPLEGROUPS_GROUP1</nv:ServiceGroupId>
      <nv:UseCategories>no</nv:UseCategories>
    </nv:ServiceDetails>
    <nv:ServiceURI>http://193.65.182.78/vcfg/sc_multiplegroups_group.vcfg</nv:ServiceURI>
    <nv:IconURI></nv:IconURI>
    <nv:serviceAccountURI></nv:serviceAccountURI>
    <nv:Auth>
      <nv:UserName>mediacharger</nv:UserName>
      <nv:Password>Buran_9o</nv:Password>
    </nv:Auth>
    <nv:IAP></nv:IAP>
  </nv:ServiceFeed>

  <nv:ServiceFeed Type="ServiceGroup" Protocol="RSS2.0" ProviderID="SC_MULTIPLEGROUPS_SERVICE" Timestamp="2008-9-3T14:3:51.0Z">
    <nv:ServiceDetails>
      <nv:Text xml:lang="en">
        <nv:Title>SC Multiple groups 2</nv:Title>
        <nv:Description>One of the 3 groups in service file.</nv:Description>
      </nv:Text>
      <nv:ServiceGroupId>SC_MULTIPLEGROUPS_GROUP2</nv:ServiceGroupId>
      <nv:UseCategories>no</nv:UseCategories>
    </nv:ServiceDetails>
    <nv:ServiceURI>http://193.65.182.78/vcfg/sc_multiplegroups_group.vcfg</nv:ServiceURI>
    <nv:IconURI></nv:IconURI>
    <nv:serviceAccountURI></nv:serviceAccountURI>
    <nv:Auth>
      <nv:UserName>mediacharger</nv:UserName>
      <nv:Password>Buran_9o</nv:Password>
    </nv:Auth>
    <nv:IAP></nv:IAP>
  </nv:ServiceFeed>

  <nv:ServiceFeed Type="ServiceGroup" Protocol="RSS2.0" ProviderID="SC_MULTIPLEGROUPS_SERVICE" Timestamp="2008-9-3T14:3:51.0Z">
    <nv:ServiceDetails>
      <nv:Text xml:lang="en">
        <nv:Title>SC Multiple groups 3</nv:Title>
        <nv:Description>One of the 3 groups in service file.</nv:Description>
      </nv:Text>
      <nv:ServiceGroupId>SC_MULTIPLEGROUPS_GROUP3</nv:ServiceGroupId>
      <nv:UseCategories>no</nv:UseCategories>
    </nv:ServiceDetails>
    <nv:ServiceURI>http://193.65.182.78/vcfg/sc_multiplegroups_group.vcfg</nv:ServiceURI>
    <nv:IconURI></nv:IconURI>
    <nv:serviceAccountURI></nv:serviceAccountURI>
    <nv:Auth>
      <nv:UserName>mediacharger</nv:UserName>
      <nv:Password>Buran_9o</nv:Password>
    </nv:Auth>
    <nv:IAP></nv:IAP>
  </nv:ServiceFeed>

</nv:ServiceProvider>

