<?xml version="1.0" encoding="UTF-8"?>
<nv:ServiceProvider xmlns:nv="www.nokia.com/multimedia/video-service" xmlns:xsi="http://www.w3.org/2001/XMLSchema-instance" nv:schemaLocation="www.forum.nokia.com/multimedia/video-service/IPTVProvSchema" Version="1.0">

  <nv:ServiceFeed Type="ServiceGroup" Protocol="RSS2.0" ProviderID="SC_LONG_DESC" Timestamp="2008-9-3T14:3:51.0Z">
    <nv:ServiceDetails>
      <nv:Text xml:lang="en">
        <nv:Title>Long descriptions</nv:Title>
        <nv:Description>Lorem ipsum dolor sit amet, consectetuer adipiscing elit. Ut accumsan. Morbi dolor tellus, imperdiet eu, ultrices quis, iaculis ullamcorper, orci. Maecenas quis urna. Nunc laoreet ipsum vulputate arcu. Nullam mi felis, ornare eu, dignissim elementum, fringilla ut, augue. Nullam quis lorem. Praesent ac nunc. Phasellus sit amet sem in nisi consectetuer posuere. Aliquam vitae arcu a pede ornare dictum. Maecenas vel erat sit amet dolor commodo porttitor. Sed pharetra vehicula justo.</nv:Description>
      </nv:Text>

      <nv:ServiceGroupId>SC_LONG_DESC</nv:ServiceGroupId>
      <nv:UseCategories>no</nv:UseCategories>
    </nv:ServiceDetails>
    <nv:ServiceURI>http://193.65.182.78/vcfg/sc_longdesc_group.vcfg</nv:ServiceURI>
    <nv:IconURI/>
    <nv:serviceAccountURI/>
    <nv:Auth>

      <nv:UserName>mediacharger</nv:UserName>
      <nv:Password>Buran_9o</nv:Password>
    </nv:Auth>
    <nv:IAP/>
  </nv:ServiceFeed>

</nv:ServiceProvider>