<?xml version="1.0" encoding="UTF-8"?>

<nv:ServiceGroupProvider xmlns:nv="www.nokia.com/multimedia/video-service" xmlns:xsi="http://www.w3.org/2001/XMLSchema-instance" nv:schemaLocation="www.forum.nokia.com/multimedia/video-service/IPTVProvSchema" Version="1.0">

  <nv:Service Type="Search" Protocol="HTTP" ProviderID="SC_GROUP_CHANGING_YOUTUBE_SEARCH" Timestamp="2008-9-3T14:3:51.0Z">
    <nv:ServiceDetails>
      <nv:Text xml:lang="en">
        <nv:Title>SEARCH: Youtube</nv:Title>
        <nv:Description>Search from youtube</nv:Description>
      </nv:Text>
      <nv:ServiceGroupId>SC_GROUP_CHANGING</nv:ServiceGroupId>
    </nv:ServiceDetails>
    <nv:searchURI>http://gdata.youtube.com/feeds/mobile/videos?vq=#search#&amp;orderby=relevance&amp;format=6&amp;alt=rss</nv:searchURI>
    <nv:IconURI>http://www.youtube.com/img/pic_youtubelogo_123x63.gif</nv:IconURI>
    <nv:Auth>
      <nv:UserName></nv:UserName>
      <nv:Password></nv:Password>
    </nv:Auth>
    <nv:IAP></nv:IAP>
  </nv:Service>

  <nv:Service Type="Upload" Protocol="HTTP" ProviderID="SC_GROUP_CHANGING_PIIPTV_UPLOAD_SERVICE_TEHL2G" Timestamp="2008-9-3T14:3:51.0Z">
    <nv:ServiceDetails>
      <nv:Text xml:lang="en">
        <nv:Title>Upload</nv:Title>
        <nv:Description>Upload files (just for testing)</nv:Description>
      </nv:Text>
      <nv:ServiceGroupId>SC_GROUP_CHANGING</nv:ServiceGroupId>
    </nv:ServiceDetails>
    <nv:ServiceURI>http://piiptv.dyndns.tv:5050/upload</nv:ServiceURI>
    <nv:IconURI>http://piiptv.dyndns.tv:5050/PiipUpload.png</nv:IconURI>
    <nv:UploadProvider>YouTube</nv:UploadProvider>
    <nv:Auth>
      <nv:UserName></nv:UserName>
      <nv:Password></nv:Password>
    </nv:Auth>
    <nv:IAP></nv:IAP>
  </nv:Service>

</nv:ServiceGroupProvider>
