<?xml version="1.0" encoding="UTF-8"?>
<!--Sample XML file generated by XMLSpy v2006 sp2 U (http://www.altova.com)-->

<nv:ServiceProvider xmlns:nv="www.nokia.com/multimedia/video-service" xmlns:xsi="http://www.w3.org/2001/XMLSchema-instance" nv:schemaLocation="www.forum.nokia.com/multimedia/video-service/IPTVProvSchema" Version="1.0">
	<nv:Service Type="VC" Protocol="RSS2.0" ProviderID="provisiontestVC" Timestamp="2007-01-31T09:30:47.0Z">
	<nv:ServiceDetails>
	<nv:Text xml:lang="en">
	<nv:Title>YLE news</nv:Title>
	<nv:Description>The latest Yle news as RSS video streams.</nv:Description>
	</nv:Text>
	</nv:ServiceDetails>
	<nv:ServiceURI>http://mediacharger.wipsl.com/yle.xml</nv:ServiceURI>
	<nv:IconURI>Z:\resource\apps\logo_yle_24.mif</nv:IconURI>
	<nv:serviceAccountURI></nv:serviceAccountURI>
	<nv:Auth>
	<nv:UserName>mediacharger</nv:UserName> 
	<nv:Password>Buran_9o</nv:Password> 			
	</nv:Auth>
	<nv:IAP></nv:IAP>
	</nv:Service>
</nv:ServiceProvider>

