<?xml version="1.0" encoding="UTF-8"?>
<!--Sample XML file generated by XMLSpy v2006 sp2 U (http://www.altova.com)-->

<nv:ServiceProvider xmlns:nv="www.nokia.com/multimedia/video-service" xmlns:xsi="http://www.w3.org/2001/XMLSchema-instance" nv:schemaLocation="www.forum.nokia.com/multimedia/video-service/IPTVProvSchema" Version="1.0">
  <nv:Service Type="Application" Protocol="HTTP-PROP" ID="provisiontestXMLTVTypeApplication" Timestamp="2004-14-13T09:30:47.0Z">
  <nv:ServiceDetails>
  <nv:Text xml:lang="en">
  <nv:Title>XMLTV Demo</nv:Title> 
  <nv:Description>XMLTV metadata based on live TV service for demo purposes</nv:Description> 
  </nv:Text>
  </nv:ServiceDetails>
  <nv:ServiceURI>http://mediacharger.wipsl.com/epg_iptv/epg_iptv.xml</nv:ServiceURI> 
  <nv:IconURI /> 
  <nv:serviceAccountURI /> 
  <nv:Auth>
  <nv:UserName>mediacharger</nv:UserName> 
  <nv:Password>Buran_9o</nv:Password> 
  </nv:Auth>
  <nv:IAP /> 
  </nv:Service>
  <nv:AppUID>0x102750E2</nv:AppUID>
</nv:ServiceProvider>

