<?xml version="1.0" encoding="UTF-8"?>

<nv:ServiceProvider xmlns:nv="www.nokia.com/multimedia/video-service" xmlns:xsi="http://www.w3.org/2001/XMLSchema-instance" nv:schemaLocation="www.forum.nokia.com/multimedia/video-service/IPTVProvSchema" Version="1.0">

  <nv:ServiceFeed Type="ServiceGroup" Protocol="RSS2.0" ProviderID="SC_TEST_SERVICE_CHANGING" Timestamp="2008-9-3T14:3:51.0Z">
    <nv:ServiceDetails>
      <nv:Text xml:lang="en">
        <nv:Title>SC Changing</nv:Title>
        <nv:Description>Service customization test group</nv:Description>
      </nv:Text>
      <nv:ServiceGroupId>SC_GROUP_CHANGING</nv:ServiceGroupId>
      <nv:UseCategories>no</nv:UseCategories>
    </nv:ServiceDetails>
    <nv:ServiceURI>http://193.65.182.78/vcfg/sc_changing_group3.vcfg</nv:ServiceURI>
    <nv:IconURI></nv:IconURI>
    <nv:serviceAccountURI></nv:serviceAccountURI>
    <nv:Auth>
      <nv:UserName>mediacharger</nv:UserName>
      <nv:Password>Buran_9o</nv:Password>
    </nv:Auth>
    <nv:IAP></nv:IAP>
  </nv:ServiceFeed>

</nv:ServiceProvider>