<?xml version="1.0" encoding="UTF-8"?>

<nv:ServiceGroupProvider xmlns:nv="www.nokia.com/multimedia/video-service" xmlns:xsi="http://www.w3.org/2001/XMLSchema-instance" nv:schemaLocation="www.forum.nokia.com/multimedia/video-service/IPTVProvSchema" Version="1.0">
  
  <nv:Service Type="VOD" Protocol="RSS2.0" ProviderID="SCHEDULE_VOD" Timestamp="2007-04-24T09:30:47.0Z">
		<nv:ServiceDetails>
			<nv:Text xml:lang="en">
			<nv:Title>VOD: Scheduler test feed</nv:Title>
			<nv:Description>Vod with search URI</nv:Description>
			</nv:Text>
			<nv:ServiceGroupId>SC_MULTIPLEGROUPS_GROUP1</nv:ServiceGroupId>
		</nv:ServiceDetails>
		<nv:ServiceURI>http://193.65.182.78/scheddl_date2015.xml</nv:ServiceURI>
		<nv:IconURI/>
		<nv:serviceAccountURI/>
		<nv:searchURI>http://193.65.182.78/scheddl_date2015.xml</nv:searchURI>
		<nv:Auth>
			<nv:UserName>mediacharger</nv:UserName>
			<nv:Password>Buran_9o</nv:Password>
		</nv:Auth>
	</nv:Service>
	
  <nv:Service Type="VOD" Protocol="RSS2.0" ProviderID="SCHEDULE_VOD" Timestamp="2007-04-24T09:30:47.0Z">
		<nv:ServiceDetails>
			<nv:Text xml:lang="en">
			<nv:Title>VOD: Scheduler test feed</nv:Title>
			<nv:Description>Vod with search URI</nv:Description>
			</nv:Text>
			<nv:ServiceGroupId>SC_MULTIPLEGROUPS_GROUP2</nv:ServiceGroupId>
		</nv:ServiceDetails>
		<nv:ServiceURI>http://193.65.182.78/scheddl_date2015.xml</nv:ServiceURI>
		<nv:IconURI/>
		<nv:serviceAccountURI/>
		<nv:searchURI>http://193.65.182.78/scheddl_date2015.xml</nv:searchURI>
		<nv:Auth>
			<nv:UserName>mediacharger</nv:UserName>
			<nv:Password>Buran_9o</nv:Password>
		</nv:Auth>
	</nv:Service>

  <nv:Service Type="VOD" Protocol="RSS2.0" ProviderID="SCHEDULE_VOD" Timestamp="2007-04-24T09:30:47.0Z">
		<nv:ServiceDetails>
			<nv:Text xml:lang="en">
			<nv:Title>VOD: Scheduler test feed</nv:Title>
			<nv:Description>Vod with search URI</nv:Description>
			</nv:Text>
			<nv:ServiceGroupId>SC_MULTIPLEGROUPS_GROUP3</nv:ServiceGroupId>
		</nv:ServiceDetails>
		<nv:ServiceURI>http://193.65.182.78/scheddl_date2015.xml</nv:ServiceURI>
		<nv:IconURI/>
		<nv:serviceAccountURI/>
		<nv:searchURI>http://193.65.182.78/scheddl_date2015.xml</nv:searchURI>
		<nv:Auth>
			<nv:UserName>mediacharger</nv:UserName>
			<nv:Password>Buran_9o</nv:Password>
		</nv:Auth>
	</nv:Service>

</nv:ServiceGroupProvider>
