<?xml version="1.0" encoding="UTF-8"?>

<nv:ServiceProvider xmlns:nv="www.nokia.com/multimedia/video-service" xmlns:xsi="http://www.w3.org/2001/XMLSchema-instance" nv:schemaLocation="www.forum.nokia.com/multimedia/video-service/IPTVProvSchema" Version="1.0">

  <nv:ServiceFeed Type="ServiceGroup" Protocol="RSS2.0" ProviderID="IptvProvisioningTestServiceGroup" Timestamp="2008-9-3T14:3:51.0Z">
    <nv:ServiceDetails>
      <nv:Text xml:lang="en">
        <nv:Title>IptvProvisioningTestGroup</nv:Title>
        <nv:Description>Group for provisioning tests.</nv:Description>
      </nv:Text>
      <nv:ServiceGroupId>IptvProvisioningTestGroup</nv:ServiceGroupId>
      <nv:UseCategories>no</nv:UseCategories>
    </nv:ServiceDetails>
    <nv:ServiceURI></nv:ServiceURI>
    <nv:IconURI></nv:IconURI>
    <nv:serviceAccountURI></nv:serviceAccountURI>
    <nv:Auth>
      <nv:UserName></nv:UserName>
      <nv:Password></nv:Password>
    </nv:Auth>
    <nv:IAP></nv:IAP>
  </nv:ServiceFeed>

</nv:ServiceProvider>

