<?xml version="1.0" encoding="UTF-8"?>

<nv:ServiceProvider xmlns:nv="www.nokia.com/multimedia/video-service" xmlns:xsi="http://www.w3.org/2001/XMLSchema-instance" nv:schemaLocation="www.forum.nokia.com/multimedia/video-service/IPTVProvSchema" Version="1.0">

  <nv:ServiceFeed Type="ServiceGroup" Protocol="RSS2.0" ProviderID="SC_TEST_SERVICE_OVERLAPPING2" Timestamp="2008-9-3T14:3:51.0Z">
    <nv:ServiceDetails>
      <nv:Text xml:lang="en">
        <nv:Title>SC Overlapping 2</nv:Title>
        <nv:Description>Service customization test group including overlapping feeds.</nv:Description>
      </nv:Text>
      <nv:ServiceGroupId>SC_GROUP_OVERLAPPING2</nv:ServiceGroupId>
      <nv:UseCategories>no</nv:UseCategories>
    </nv:ServiceDetails>
    <nv:ServiceURI>http://193.65.182.78/vcfg/sc_overlapping_group2.vcfg</nv:ServiceURI>
    <nv:IconURI></nv:IconURI>
    <nv:serviceAccountURI></nv:serviceAccountURI>
    <nv:Auth>
      <nv:UserName>mediacharger</nv:UserName>
      <nv:Password>Buran_9o</nv:Password>
    </nv:Auth>
    <nv:IAP></nv:IAP>
  </nv:ServiceFeed>

	<nv:Service Type="LiveTV" Protocol="XMLTV" ProviderID="SC_TEST_SERVICE_OVERLAPPING1_VIA_TEST_SERVICE_XMLTV_IPTV_VIA" Timestamp="2007-02-05T09:30:47.0Z">
		<nv:ServiceDetails>
			<nv:Text xml:lang="en">
				<nv:Title>LiveTV: XML TV demo</nv:Title>
				<nv:Description></nv:Description>
			</nv:Text>
		</nv:ServiceDetails>
		<nv:ServiceURI>http://mediacharger.wipsl.com/epg_iptv/epg_iptv.xml</nv:ServiceURI>
		<nv:IconURI></nv:IconURI>
		<nv:serviceAccountURI></nv:serviceAccountURI>
		<nv:Auth>
			<nv:UserName>mediacharger</nv:UserName>
			<nv:Password>Buran_9o</nv:Password>
		</nv:Auth>
		<nv:IAP></nv:IAP>
	</nv:Service>

	<nv:Service Type="VOD" Protocol="RSS2.0" ProviderID="SC_TEST_SERVICE_OVERLAPPING1_VIA_TEST_SERVICE_XMLTV_VIA_SCHEDULEDDLPUBDATETEST_scheddl_date2015.xml" Timestamp="2007-04-24T09:30:47.0Z">
		<nv:ServiceDetails>
			<nv:Text xml:lang="en">
			<nv:Title>VOD: Skedulointi</nv:Title>
			<nv:Description>VODI!</nv:Description>
			</nv:Text>
		</nv:ServiceDetails>
		<nv:ServiceURI>http://193.65.182.78/scheddl_date2015.xml</nv:ServiceURI>
		<nv:IconURI/>
		<nv:serviceAccountURI/>
		<nv:searchURI>http://193.65.182.78/scheddl_date2015.xml</nv:searchURI>
		<nv:Auth>
			<nv:UserName>mediacharger</nv:UserName>
			<nv:Password>Buran_9o</nv:Password>
		</nv:Auth>
	</nv:Service>

  <nv:Service Type="VC" Protocol="RSS2.0" ProviderID="SC_TEST_SERVICE_OVERLAPPING1_http://feeds.feedburner.com/TikiBarTV" Timestamp="2008-9-3T14:3:51.0Z">
    <nv:ServiceDetails>
      <nv:Text xml:lang="en">
        <nv:Title>VC: TikiBarTV</nv:Title>
        <nv:Description>Swingin' bachelors and forbidden cocktails in a swank pad.</nv:Description>
      </nv:Text>
    </nv:ServiceDetails>
    <nv:ServiceURI>http://feeds.feedburner.com/TikiBarTV</nv:ServiceURI>
    <nv:IconURI>http://libsyn.com/podcasts/tiki/images/Podcast-Cover.jpg</nv:IconURI>
    <nv:serviceAccountURI></nv:serviceAccountURI>
    <nv:Auth>
      <nv:UserName></nv:UserName>
      <nv:Password></nv:Password>
    </nv:Auth>
    <nv:IAP></nv:IAP>
  </nv:Service>  

  <nv:Service Type="Browser" Protocol="HTTP" ProviderID="SC_TEST_SERVICE_OVERLAPPING1_PIIPTV_WEBUI_SERVICE_TEHL2G" Timestamp="2008-9-3T14:3:51.0Z">
    <nv:ServiceDetails>
      <nv:Text xml:lang="en">
        <nv:Title>WEBLINK: Youtube</nv:Title>
        <nv:Description>Web link to Youtube</nv:Description>
      </nv:Text>
    </nv:ServiceDetails>
    <nv:ServiceURI>http://www.youtube.com/</nv:ServiceURI>
    <nv:IconURI>\resource\apps\qgn_iptv_video_store_list.jpg</nv:IconURI>
    <nv:serviceAccountURI></nv:serviceAccountURI>
    <nv:Auth>
      <nv:UserName></nv:UserName>
      <nv:Password></nv:Password>
    </nv:Auth>
    <nv:IAP></nv:IAP>
  </nv:Service>
  
	<nv:Service Type="VOD" Protocol="RSS2.0" ProviderID="SC_TEST_SERVICE_OVERLAPPING1_VIA_TEST_SERVICE_VOD_NSERIESsearch" Timestamp="2004-14-13T09:30:47.0Z">
		<nv:ServiceDetails>
			<nv:Text xml:lang="en">
				<nv:Title>SEARCH: NSeries search</nv:Title>
				<nv:Description>Nseries search</nv:Description>
			</nv:Text>
		</nv:ServiceDetails>

		<nv:ServiceURI>http://193.65.182.78/nseries.xml</nv:ServiceURI>
		<nv:IconURI></nv:IconURI>
		<nv:serviceAccountURI></nv:serviceAccountURI>
		<nv:searchURI>http://193.65.182.78/search.php?file=nseries.xml&amp;q=#search#</nv:searchURI>
		<nv:Auth>
			<nv:UserName>mediacharger</nv:UserName>
			<nv:Password>Buran_9o</nv:Password>

		</nv:Auth>
		<nv:IAP></nv:IAP>
	</nv:Service>

	<nv:Service Type="LiveTV" Protocol="XMLTV" ProviderID="SC_TEST_SERVICE_OVERLAPPING1_XMLTV_WALKTHETALK_VIA" Timestamp="2007-02-05T09:30:47.0Z">
		<nv:ServiceDetails>
			<nv:Text xml:lang="en">
				<nv:Title>Walk The Talk</nv:Title>
				<nv:Description></nv:Description>
			</nv:Text>
		</nv:ServiceDetails>

		<nv:ServiceURI>http://193.65.182.78/epg_walkthetalk/epg_walkthetalk_iptv.xml</nv:ServiceURI>
		<nv:IconURI></nv:IconURI>
		<nv:serviceAccountURI></nv:serviceAccountURI>
		<nv:Auth>
			<nv:UserName>mediacharger</nv:UserName>
			<nv:Password>Buran_9o</nv:Password>
		</nv:Auth>

		<nv:IAP></nv:IAP>
	</nv:Service>

</nv:ServiceProvider>

