<?xml version="1.0" encoding="UTF-8"?>
<!--Sample XML file generated by XMLSpy v2006 sp2 U (http://www.altova.com)-->

<nv:ServiceProvider xmlns:nv="" xmlns:xsi="" nv:schemaLocation="" Version="">
  <nv:Service Type="Application" Protocol="" ID="" Timestamp="">
  <nv:ServiceDetails>
  <nv:Text xml:lang="en">
  <nv:Title></nv:Title> 
  <nv:Description></nv:Description> 
  </nv:Text>
  </nv:ServiceDetails>
  <nv:ServiceURI></nv:ServiceURI> 
  <nv:IconURI></nv:IconURI> 
  <nv:serviceAccountURI></nv:serviceAccountURI>
  <nv:Auth>
  <nv:UserName></nv:UserName> 
  <nv:Password></nv:Password> 
  </nv:Auth>
  <nv:IAP></nv:IAP> 
  </nv:Service>
</nv:ServiceProvider>

