<?xml version="1.0" encoding="UTF-8"?>
<!--Sample XML file generated by XMLSpy v2006 sp2 U (http://www.altova.com)-->

<nv:ServiceProvider xmlns:nv="www.nokia.com/multimedia/video-service" xmlns:xsi="http://www.w3.org/2001/XMLSchema-instance" nv:schemaLocation="www.forum.nokia.com/multimedia/video-service/IPTVProvSchema" Version="1.0">
	<nv:Service Type="LiveTV" Protocol="DVB-IPI" ID="provisiontestlivetvDVBIPI" Timestamp="2004-14-13T09:30:47.0Z">
		<nv:ServiceDetails>
			<nv:Text xml:lang="en">
				<nv:Title>Thomson Live TV</nv:Title>
				<nv:Description>Thomson server</nv:Description>
			</nv:Text>
		</nv:ServiceDetails>
		<nv:ServiceURI>http://172.20.253.237/dvb/sdns/service_discovery</nv:ServiceURI>
		<nv:IconURI></nv:IconURI>
		<nv:serviceAccountURI>http://www.google.com</nv:serviceAccountURI>
		<nv:Auth>
			<nv:UserName>aca</nv:UserName>
			<nv:Password>aca</nv:Password>
		</nv:Auth>
		<nv:IAP></nv:IAP>
	</nv:Service>
</nv:ServiceProvider>

