<?xml version="1.0" encoding="UTF-8"?>

<nv:ServiceProvider xmlns:nv="www.nokia.com/multimedia/video-service" xmlns:xsi="http://www.w3.org/2001/XMLSchema-instance" nv:schemaLocation="www.forum.nokia.com/multimedia/video-service/IPTVProvSchema" Version="1.0">

  <nv:ServiceFeed Type="ServiceGroup" Protocol="RSS2.0" ProviderID="SC_21FEEDS_SERVICE" Timestamp="2008-9-3T14:3:51.0Z">
    <nv:ServiceDetails>
      <nv:Text xml:lang="en">
        <nv:Title>SC 21 feeds</nv:Title>
        <nv:Description>Service customization group with 21 VOD feeds.</nv:Description>
      </nv:Text>
      <nv:ServiceGroupId>SC_21FEEDS_GROUP</nv:ServiceGroupId>
      <nv:UseCategories>no</nv:UseCategories>
    </nv:ServiceDetails>
    <nv:ServiceURI>http://193.65.182.78/vcfg/sc_21feeds_group.vcfg</nv:ServiceURI>
    <nv:IconURI></nv:IconURI>
    <nv:serviceAccountURI></nv:serviceAccountURI>
    <nv:Auth>
      <nv:UserName>mediacharger</nv:UserName>
      <nv:Password>Buran_9o</nv:Password>
    </nv:Auth>
    <nv:IAP></nv:IAP>
  </nv:ServiceFeed>

	<nv:Service Type="VOD" Protocol="RSS2.0" ProviderID="SC_21FEEDS_VIA_TEST_SERVICE_VOD_NOKIA_VOD1" Timestamp="2004-14-13T09:30:47.0Z">
		<nv:ServiceDetails>
			<nv:Text xml:lang="en">
				<nv:Title>VOD: Nokia VOD 1</nv:Title>
				<nv:Description>desc</nv:Description>
			</nv:Text>
		</nv:ServiceDetails>
		<nv:ServiceURI>http://193.65.182.78/nokia_vod.xml</nv:ServiceURI>
		<nv:IconURI></nv:IconURI>
		<nv:serviceAccountURI></nv:serviceAccountURI>
		<nv:Auth>
			<nv:UserName>mediacharger</nv:UserName>
			<nv:Password>Buran_9o</nv:Password>
		</nv:Auth>
		<nv:IAP></nv:IAP>
	</nv:Service>
	
</nv:ServiceProvider>



