<?xml version="1.0" encoding="UTF-8"?>

<nv:ServiceGroupProvider xmlns:nv="www.nokia.com/multimedia/video-service" xmlns:xsi="http://www.w3.org/2001/XMLSchema-instance" nv:schemaLocation="www.forum.nokia.com/multimedia/video-service/IPTVProvSchema" Version="1.0">
  
	<nv:Service Type="VOD" Protocol="RSS2.0" ProviderID="SC_21FEEDS_GROUP_VIA_TEST_SERVICE_VOD_NOKIA_VOD1" Timestamp="2004-14-13T09:30:47.0Z">
		<nv:ServiceDetails>
			<nv:Text xml:lang="en">
				<nv:Title>VOD: Nokia VOD 1</nv:Title>
				<nv:Description>desc</nv:Description>
			</nv:Text>
			<nv:ServiceGroupId>SC_21FEEDS_GROUP</nv:ServiceGroupId>
		</nv:ServiceDetails>
		<nv:ServiceURI>http://193.65.182.78/nokia_vod.xml</nv:ServiceURI>
		<nv:IconURI></nv:IconURI>
		<nv:serviceAccountURI></nv:serviceAccountURI>
		<nv:Auth>
			<nv:UserName>mediacharger</nv:UserName>
			<nv:Password>Buran_9o</nv:Password>
		</nv:Auth>
		<nv:IAP></nv:IAP>
	</nv:Service>

	<nv:Service Type="VOD" Protocol="RSS2.0" ProviderID="SC_21FEEDS_GROUP_VIA_TEST_SERVICE_VOD_NOKIA_VOD2" Timestamp="2004-14-13T09:30:47.0Z">
		<nv:ServiceDetails>
			<nv:Text xml:lang="en">
				<nv:Title>VOD: Nokia VOD 2</nv:Title>
				<nv:Description>desc</nv:Description>
			</nv:Text>
			<nv:ServiceGroupId>SC_21FEEDS_GROUP</nv:ServiceGroupId>
		</nv:ServiceDetails>
		<nv:ServiceURI>http://193.65.182.78/nokia_vod.xml</nv:ServiceURI>
		<nv:IconURI></nv:IconURI>
		<nv:serviceAccountURI></nv:serviceAccountURI>
		<nv:Auth>
			<nv:UserName>mediacharger</nv:UserName>
			<nv:Password>Buran_9o</nv:Password>
		</nv:Auth>
		<nv:IAP></nv:IAP>
	</nv:Service>

	<nv:Service Type="VOD" Protocol="RSS2.0" ProviderID="SC_21FEEDS_GROUP_VIA_TEST_SERVICE_VOD_NOKIA_VOD3" Timestamp="2004-14-13T09:30:47.0Z">
		<nv:ServiceDetails>
			<nv:Text xml:lang="en">
				<nv:Title>VOD: Nokia VOD 3</nv:Title>
				<nv:Description>desc</nv:Description>
			</nv:Text>
			<nv:ServiceGroupId>SC_21FEEDS_GROUP</nv:ServiceGroupId>
		</nv:ServiceDetails>
		<nv:ServiceURI>http://193.65.182.78/nokia_vod.xml</nv:ServiceURI>
		<nv:IconURI></nv:IconURI>
		<nv:serviceAccountURI></nv:serviceAccountURI>
		<nv:Auth>
			<nv:UserName>mediacharger</nv:UserName>
			<nv:Password>Buran_9o</nv:Password>
		</nv:Auth>
		<nv:IAP></nv:IAP>
	</nv:Service>

	<nv:Service Type="VOD" Protocol="RSS2.0" ProviderID="SC_21FEEDS_GROUP_VIA_TEST_SERVICE_VOD_NOKIA_VOD4" Timestamp="2004-14-13T09:30:47.0Z">
		<nv:ServiceDetails>
			<nv:Text xml:lang="en">
				<nv:Title>VOD: Nokia VOD 4</nv:Title>
				<nv:Description>desc</nv:Description>
			</nv:Text>
			<nv:ServiceGroupId>SC_21FEEDS_GROUP</nv:ServiceGroupId>
		</nv:ServiceDetails>
		<nv:ServiceURI>http://193.65.182.78/nokia_vod.xml</nv:ServiceURI>
		<nv:IconURI></nv:IconURI>
		<nv:serviceAccountURI></nv:serviceAccountURI>
		<nv:Auth>
			<nv:UserName>mediacharger</nv:UserName>
			<nv:Password>Buran_9o</nv:Password>
		</nv:Auth>
		<nv:IAP></nv:IAP>
	</nv:Service>

	<nv:Service Type="VOD" Protocol="RSS2.0" ProviderID="SC_21FEEDS_GROUP_VIA_TEST_SERVICE_VOD_NOKIA_VOD5" Timestamp="2004-14-13T09:30:47.0Z">
		<nv:ServiceDetails>
			<nv:Text xml:lang="en">
				<nv:Title>VOD: Nokia VOD 5</nv:Title>
				<nv:Description>desc</nv:Description>
			</nv:Text>
			<nv:ServiceGroupId>SC_21FEEDS_GROUP</nv:ServiceGroupId>
		</nv:ServiceDetails>
		<nv:ServiceURI>http://193.65.182.78/nokia_vod.xml</nv:ServiceURI>
		<nv:IconURI></nv:IconURI>
		<nv:serviceAccountURI></nv:serviceAccountURI>
		<nv:Auth>
			<nv:UserName>mediacharger</nv:UserName>
			<nv:Password>Buran_9o</nv:Password>
		</nv:Auth>
		<nv:IAP></nv:IAP>
	</nv:Service>

	<nv:Service Type="VOD" Protocol="RSS2.0" ProviderID="SC_21FEEDS_GROUP_VIA_TEST_SERVICE_VOD_NOKIA_VOD6" Timestamp="2004-14-13T09:30:47.0Z">
		<nv:ServiceDetails>
			<nv:Text xml:lang="en">
				<nv:Title>VOD: Nokia VOD 6</nv:Title>
				<nv:Description>desc</nv:Description>
			</nv:Text>
			<nv:ServiceGroupId>SC_21FEEDS_GROUP</nv:ServiceGroupId>
		</nv:ServiceDetails>
		<nv:ServiceURI>http://193.65.182.78/nokia_vod.xml</nv:ServiceURI>
		<nv:IconURI></nv:IconURI>
		<nv:serviceAccountURI></nv:serviceAccountURI>
		<nv:Auth>
			<nv:UserName>mediacharger</nv:UserName>
			<nv:Password>Buran_9o</nv:Password>
		</nv:Auth>
		<nv:IAP></nv:IAP>
	</nv:Service>

	<nv:Service Type="VOD" Protocol="RSS2.0" ProviderID="SC_21FEEDS_GROUP_VIA_TEST_SERVICE_VOD_NOKIA_VOD7" Timestamp="2004-14-13T09:30:47.0Z">
		<nv:ServiceDetails>
			<nv:Text xml:lang="en">
				<nv:Title>VOD: Nokia VOD 7</nv:Title>
				<nv:Description>desc</nv:Description>
			</nv:Text>
			<nv:ServiceGroupId>SC_21FEEDS_GROUP</nv:ServiceGroupId>
		</nv:ServiceDetails>
		<nv:ServiceURI>http://193.65.182.78/nokia_vod.xml</nv:ServiceURI>
		<nv:IconURI></nv:IconURI>
		<nv:serviceAccountURI></nv:serviceAccountURI>
		<nv:Auth>
			<nv:UserName>mediacharger</nv:UserName>
			<nv:Password>Buran_9o</nv:Password>
		</nv:Auth>
		<nv:IAP></nv:IAP>
	</nv:Service>

	<nv:Service Type="VOD" Protocol="RSS2.0" ProviderID="SC_21FEEDS_GROUP_VIA_TEST_SERVICE_VOD_NOKIA_VOD8" Timestamp="2004-14-13T09:30:47.0Z">
		<nv:ServiceDetails>
			<nv:Text xml:lang="en">
				<nv:Title>VOD: Nokia VOD 8</nv:Title>
				<nv:Description>desc</nv:Description>
			</nv:Text>
			<nv:ServiceGroupId>SC_21FEEDS_GROUP</nv:ServiceGroupId>
		</nv:ServiceDetails>
		<nv:ServiceURI>http://193.65.182.78/nokia_vod.xml</nv:ServiceURI>
		<nv:IconURI></nv:IconURI>
		<nv:serviceAccountURI></nv:serviceAccountURI>
		<nv:Auth>
			<nv:UserName>mediacharger</nv:UserName>
			<nv:Password>Buran_9o</nv:Password>
		</nv:Auth>
		<nv:IAP></nv:IAP>
	</nv:Service>

	<nv:Service Type="VOD" Protocol="RSS2.0" ProviderID="SC_21FEEDS_GROUP_VIA_TEST_SERVICE_VOD_NOKIA_VOD9" Timestamp="2004-14-13T09:30:47.0Z">
		<nv:ServiceDetails>
			<nv:Text xml:lang="en">
				<nv:Title>VOD: Nokia VOD 9</nv:Title>
				<nv:Description>desc</nv:Description>
			</nv:Text>
			<nv:ServiceGroupId>SC_21FEEDS_GROUP</nv:ServiceGroupId>
		</nv:ServiceDetails>
		<nv:ServiceURI>http://193.65.182.78/nokia_vod.xml</nv:ServiceURI>
		<nv:IconURI></nv:IconURI>
		<nv:serviceAccountURI></nv:serviceAccountURI>
		<nv:Auth>
			<nv:UserName>mediacharger</nv:UserName>
			<nv:Password>Buran_9o</nv:Password>
		</nv:Auth>
		<nv:IAP></nv:IAP>
	</nv:Service>

	<nv:Service Type="VOD" Protocol="RSS2.0" ProviderID="SC_21FEEDS_GROUP_VIA_TEST_SERVICE_VOD_NOKIA_VOD10" Timestamp="2004-14-13T09:30:47.0Z">
		<nv:ServiceDetails>
			<nv:Text xml:lang="en">
				<nv:Title>VOD: Nokia VOD 10</nv:Title>
				<nv:Description>desc</nv:Description>
			</nv:Text>
			<nv:ServiceGroupId>SC_21FEEDS_GROUP</nv:ServiceGroupId>
		</nv:ServiceDetails>
		<nv:ServiceURI>http://193.65.182.78/nokia_vod.xml</nv:ServiceURI>
		<nv:IconURI></nv:IconURI>
		<nv:serviceAccountURI></nv:serviceAccountURI>
		<nv:Auth>
			<nv:UserName>mediacharger</nv:UserName>
			<nv:Password>Buran_9o</nv:Password>
		</nv:Auth>
		<nv:IAP></nv:IAP>
	</nv:Service>

	<nv:Service Type="VOD" Protocol="RSS2.0" ProviderID="SC_21FEEDS_GROUP_VIA_TEST_SERVICE_VOD_NOKIA_VOD11" Timestamp="2004-14-13T09:30:47.0Z">
		<nv:ServiceDetails>
			<nv:Text xml:lang="en">
				<nv:Title>VOD: Nokia VOD 11</nv:Title>
				<nv:Description>desc</nv:Description>
			</nv:Text>
			<nv:ServiceGroupId>SC_21FEEDS_GROUP</nv:ServiceGroupId>
		</nv:ServiceDetails>
		<nv:ServiceURI>http://193.65.182.78/nokia_vod.xml</nv:ServiceURI>
		<nv:IconURI></nv:IconURI>
		<nv:serviceAccountURI></nv:serviceAccountURI>
		<nv:Auth>
			<nv:UserName>mediacharger</nv:UserName>
			<nv:Password>Buran_9o</nv:Password>
		</nv:Auth>
		<nv:IAP></nv:IAP>
	</nv:Service>

	<nv:Service Type="VOD" Protocol="RSS2.0" ProviderID="SC_21FEEDS_GROUP_VIA_TEST_SERVICE_VOD_NOKIA_VOD12" Timestamp="2004-14-13T09:30:47.0Z">
		<nv:ServiceDetails>
			<nv:Text xml:lang="en">
				<nv:Title>VOD: Nokia VOD 12</nv:Title>
				<nv:Description>desc</nv:Description>
			</nv:Text>
			<nv:ServiceGroupId>SC_21FEEDS_GROUP</nv:ServiceGroupId>
		</nv:ServiceDetails>
		<nv:ServiceURI>http://193.65.182.78/nokia_vod.xml</nv:ServiceURI>
		<nv:IconURI></nv:IconURI>
		<nv:serviceAccountURI></nv:serviceAccountURI>
		<nv:Auth>
			<nv:UserName>mediacharger</nv:UserName>
			<nv:Password>Buran_9o</nv:Password>
		</nv:Auth>
		<nv:IAP></nv:IAP>
	</nv:Service>

	<nv:Service Type="VOD" Protocol="RSS2.0" ProviderID="SC_21FEEDS_GROUP_VIA_TEST_SERVICE_VOD_NOKIA_VOD13" Timestamp="2004-14-13T09:30:47.0Z">
		<nv:ServiceDetails>
			<nv:Text xml:lang="en">
				<nv:Title>VOD: Nokia VOD 13</nv:Title>
				<nv:Description>desc</nv:Description>
			</nv:Text>
			<nv:ServiceGroupId>SC_21FEEDS_GROUP</nv:ServiceGroupId>
		</nv:ServiceDetails>
		<nv:ServiceURI>http://193.65.182.78/nokia_vod.xml</nv:ServiceURI>
		<nv:IconURI></nv:IconURI>
		<nv:serviceAccountURI></nv:serviceAccountURI>
		<nv:Auth>
			<nv:UserName>mediacharger</nv:UserName>
			<nv:Password>Buran_9o</nv:Password>
		</nv:Auth>
		<nv:IAP></nv:IAP>
	</nv:Service>

	<nv:Service Type="VOD" Protocol="RSS2.0" ProviderID="SC_21FEEDS_GROUP_VIA_TEST_SERVICE_VOD_NOKIA_VOD14" Timestamp="2004-14-13T09:30:47.0Z">
		<nv:ServiceDetails>
			<nv:Text xml:lang="en">
				<nv:Title>VOD: Nokia VOD 14</nv:Title>
				<nv:Description>desc</nv:Description>
			</nv:Text>
			<nv:ServiceGroupId>SC_21FEEDS_GROUP</nv:ServiceGroupId>
		</nv:ServiceDetails>
		<nv:ServiceURI>http://193.65.182.78/nokia_vod.xml</nv:ServiceURI>
		<nv:IconURI></nv:IconURI>
		<nv:serviceAccountURI></nv:serviceAccountURI>
		<nv:Auth>
			<nv:UserName>mediacharger</nv:UserName>
			<nv:Password>Buran_9o</nv:Password>
		</nv:Auth>
		<nv:IAP></nv:IAP>
	</nv:Service>

	<nv:Service Type="VOD" Protocol="RSS2.0" ProviderID="SC_21FEEDS_GROUP_VIA_TEST_SERVICE_VOD_NOKIA_VOD15" Timestamp="2004-14-13T09:30:47.0Z">
		<nv:ServiceDetails>
			<nv:Text xml:lang="en">
				<nv:Title>VOD: Nokia VOD 15</nv:Title>
				<nv:Description>desc</nv:Description>
			</nv:Text>
			<nv:ServiceGroupId>SC_21FEEDS_GROUP</nv:ServiceGroupId>
		</nv:ServiceDetails>
		<nv:ServiceURI>http://193.65.182.78/nokia_vod.xml</nv:ServiceURI>
		<nv:IconURI></nv:IconURI>
		<nv:serviceAccountURI></nv:serviceAccountURI>
		<nv:Auth>
			<nv:UserName>mediacharger</nv:UserName>
			<nv:Password>Buran_9o</nv:Password>
		</nv:Auth>
		<nv:IAP></nv:IAP>
	</nv:Service>

	<nv:Service Type="VOD" Protocol="RSS2.0" ProviderID="SC_21FEEDS_GROUP_VIA_TEST_SERVICE_VOD_NOKIA_VOD16" Timestamp="2004-14-13T09:30:47.0Z">
		<nv:ServiceDetails>
			<nv:Text xml:lang="en">
				<nv:Title>VOD: Nokia VOD 16</nv:Title>
				<nv:Description>desc</nv:Description>
			</nv:Text>
			<nv:ServiceGroupId>SC_21FEEDS_GROUP</nv:ServiceGroupId>
		</nv:ServiceDetails>
		<nv:ServiceURI>http://193.65.182.78/nokia_vod.xml</nv:ServiceURI>
		<nv:IconURI></nv:IconURI>
		<nv:serviceAccountURI></nv:serviceAccountURI>
		<nv:Auth>
			<nv:UserName>mediacharger</nv:UserName>
			<nv:Password>Buran_9o</nv:Password>
		</nv:Auth>
		<nv:IAP></nv:IAP>
	</nv:Service>

	<nv:Service Type="VOD" Protocol="RSS2.0" ProviderID="SC_21FEEDS_GROUP_VIA_TEST_SERVICE_VOD_NOKIA_VOD17" Timestamp="2004-14-13T09:30:47.0Z">
		<nv:ServiceDetails>
			<nv:Text xml:lang="en">
				<nv:Title>VOD: Nokia VOD 17</nv:Title>
				<nv:Description>desc</nv:Description>
			</nv:Text>
			<nv:ServiceGroupId>SC_21FEEDS_GROUP</nv:ServiceGroupId>
		</nv:ServiceDetails>
		<nv:ServiceURI>http://193.65.182.78/nokia_vod.xml</nv:ServiceURI>
		<nv:IconURI></nv:IconURI>
		<nv:serviceAccountURI></nv:serviceAccountURI>
		<nv:Auth>
			<nv:UserName>mediacharger</nv:UserName>
			<nv:Password>Buran_9o</nv:Password>
		</nv:Auth>
		<nv:IAP></nv:IAP>
	</nv:Service>

	<nv:Service Type="VOD" Protocol="RSS2.0" ProviderID="SC_21FEEDS_GROUP_VIA_TEST_SERVICE_VOD_NOKIA_VOD18" Timestamp="2004-14-13T09:30:47.0Z">
		<nv:ServiceDetails>
			<nv:Text xml:lang="en">
				<nv:Title>VOD: Nokia VOD 18</nv:Title>
				<nv:Description>desc</nv:Description>
			</nv:Text>
			<nv:ServiceGroupId>SC_21FEEDS_GROUP</nv:ServiceGroupId>
		</nv:ServiceDetails>
		<nv:ServiceURI>http://193.65.182.78/nokia_vod.xml</nv:ServiceURI>
		<nv:IconURI></nv:IconURI>
		<nv:serviceAccountURI></nv:serviceAccountURI>
		<nv:Auth>
			<nv:UserName>mediacharger</nv:UserName>
			<nv:Password>Buran_9o</nv:Password>
		</nv:Auth>
		<nv:IAP></nv:IAP>
	</nv:Service>

	<nv:Service Type="VOD" Protocol="RSS2.0" ProviderID="SC_21FEEDS_GROUP_VIA_TEST_SERVICE_VOD_NOKIA_VOD19" Timestamp="2004-14-13T09:30:47.0Z">
		<nv:ServiceDetails>
			<nv:Text xml:lang="en">
				<nv:Title>VOD: Nokia VOD 19</nv:Title>
				<nv:Description>desc</nv:Description>
			</nv:Text>
			<nv:ServiceGroupId>SC_21FEEDS_GROUP</nv:ServiceGroupId>
		</nv:ServiceDetails>
		<nv:ServiceURI>http://193.65.182.78/nokia_vod.xml</nv:ServiceURI>
		<nv:IconURI></nv:IconURI>
		<nv:serviceAccountURI></nv:serviceAccountURI>
		<nv:Auth>
			<nv:UserName>mediacharger</nv:UserName>
			<nv:Password>Buran_9o</nv:Password>
		</nv:Auth>
		<nv:IAP></nv:IAP>
	</nv:Service>

	<nv:Service Type="VOD" Protocol="RSS2.0" ProviderID="SC_21FEEDS_GROUP_VIA_TEST_SERVICE_VOD_NOKIA_VOD20" Timestamp="2004-14-13T09:30:47.0Z">
		<nv:ServiceDetails>
			<nv:Text xml:lang="en">
				<nv:Title>VOD: Nokia VOD 20</nv:Title>
				<nv:Description>desc</nv:Description>
			</nv:Text>
			<nv:ServiceGroupId>SC_21FEEDS_GROUP</nv:ServiceGroupId>
		</nv:ServiceDetails>
		<nv:ServiceURI>http://193.65.182.78/nokia_vod.xml</nv:ServiceURI>
		<nv:IconURI></nv:IconURI>
		<nv:serviceAccountURI></nv:serviceAccountURI>
		<nv:Auth>
			<nv:UserName>mediacharger</nv:UserName>
			<nv:Password>Buran_9o</nv:Password>
		</nv:Auth>
		<nv:IAP></nv:IAP>
	</nv:Service>

	<nv:Service Type="VOD" Protocol="RSS2.0" ProviderID="SC_21FEEDS_GROUP_VIA_TEST_SERVICE_VOD_NOKIA_VOD21" Timestamp="2004-14-13T09:30:47.0Z">
		<nv:ServiceDetails>
			<nv:Text xml:lang="en">
				<nv:Title>VOD: Nokia VOD 21</nv:Title>
				<nv:Description>desc</nv:Description>
			</nv:Text>
			<nv:ServiceGroupId>SC_21FEEDS_GROUP</nv:ServiceGroupId>
		</nv:ServiceDetails>
		<nv:ServiceURI>http://193.65.182.78/nokia_vod.xml</nv:ServiceURI>
		<nv:IconURI></nv:IconURI>
		<nv:serviceAccountURI></nv:serviceAccountURI>
		<nv:Auth>
			<nv:UserName>mediacharger</nv:UserName>
			<nv:Password>Buran_9o</nv:Password>
		</nv:Auth>
		<nv:IAP></nv:IAP>
	</nv:Service>

</nv:ServiceGroupProvider>
