<?xml version="1.0" encoding="UTF-8"?>

<nv:ServiceGroupProvider xmlns:nv="www.nokia.com/multimedia/video-service" xmlns:xsi="http://www.w3.org/2001/XMLSchema-instance" nv:schemaLocation="www.forum.nokia.com/multimedia/video-service/IPTVProvSchema" Version="1.0">

	<nv:Service Type="Search" Protocol="RSS2.0" ProviderID="SC_GROUP_2SEARCH_VIA_TEST_SERVICE_VOD_NSERIESsearch" Timestamp="2004-14-13T09:30:47.0Z">
		<nv:ServiceDetails>
			<nv:Text xml:lang="en">
				<nv:Title>NSeries search</nv:Title>
				<nv:Description>desc</nv:Description>
			</nv:Text>
				<nv:ServiceGroupId>SC_GROUP_2SEARCH</nv:ServiceGroupId>
		</nv:ServiceDetails>

		<nv:ServiceURI>http://193.65.182.78/nseries.xml</nv:ServiceURI>
		<nv:IconURI></nv:IconURI>
		<nv:serviceAccountURI></nv:serviceAccountURI>
		<nv:searchURI>http://193.65.182.78/search.php?file=nseries.xml&amp;q=#search#</nv:searchURI>
		<nv:Auth>
			<nv:UserName>mediacharger</nv:UserName>
			<nv:Password>Buran_9o</nv:Password>

		</nv:Auth>
		<nv:IAP></nv:IAP>
	</nv:Service>

	<nv:Service Type="Search" Protocol="RSS2.0" ProviderID="SC_GROUP_2SEARCH_MISC_VIDEOS_VC" Timestamp="2004-14-13T09:30:47.0Z">
		<nv:ServiceDetails>
			<nv:Text xml:lang="en">
				<nv:Title>Misc videos search</nv:Title>
				<nv:Description>desc</nv:Description>
			</nv:Text>
			<nv:ServiceGroupId>SC_GROUP_2SEARCH</nv:ServiceGroupId>
		</nv:ServiceDetails>
		<nv:ServiceURI>http://193.65.182.78/miscvideos.xml</nv:ServiceURI>
		<nv:IconURI></nv:IconURI>
		<nv:serviceAccountURI></nv:serviceAccountURI>
		<nv:searchURI>http://193.65.182.78/miscvideos.xml</nv:searchURI>
		<nv:Auth>
			<nv:UserName>mediacharger</nv:UserName>
			<nv:Password>Buran_9o</nv:Password>
		</nv:Auth>
		<nv:IAP></nv:IAP>
	</nv:Service>

</nv:ServiceGroupProvider>
