<?xml version="1.0" encoding="UTF-8"?>
<nv:ServiceGroupProvider xmlns:nv="www.nokia.com/multimedia/video-service" xmlns:xsi="http://www.w3.org/2001/XMLSchema-instance" nv:schemaLocation="www.forum.nokia.com/multimedia/video-service/IPTVProvSchema" Version="1.0">

	<nv:Service Type="LiveTV" Protocol="XMLTV" ProviderID="http://mediacharger.wipsl.com/epg_iptv/epg_iptv.xml" Timestamp="2007-02-05T09:30:47.0Z">
		<nv:ServiceDetails>
			<nv:Text xml:lang="en">
				<nv:Title>LiveTV: Kulje ja puhu palavelu</nv:Title>
				<nv:Description>Lorem ipsum dolor sit amet, consectetuer adipiscing elit. Ut accumsan. Morbi dolor tellus, imperdiet eu, ultrices quis, iaculis ullamcorper, orci. Maecenas quis urna. Nunc laoreet ipsum vulputate arcu. Nullam mi felis, ornare eu, dignissim elementum, fringilla ut, augue. Nullam quis lorem. Praesent ac nunc. Phasellus sit amet sem in nisi consectetuer posuere. Aliquam vitae arcu a pede ornare dictum. Maecenas vel erat sit amet dolor commodo porttitor. Sed pharetra vehicula justo. Aliquam erat volutpat. Vestibulum ante ipsum primis in faucibus orci luctus et ultrices posuere cubilia Curae; Morbi vitae diam sed quam facilisis viverra. Etiam eget lacus. Sed sit amet odio. Nulla facilisi. Aliquam erat volutpat. Pellentesque habitant morbi tristique senectus et netus et malesuada fames ac turpis egestas. Fusce vitae urna ut dolor pharetra commodo. Cras volutpat nisl rhoncus lacus. Ut id elit. Phasellus nec mi. Suspendisse dapibus lacus sit amet justo. Class aptent taciti sociosqu ad litora torquent per conubia nostra, per inceptos himenaeos. Morbi non lectus at leo sodales bibendum. Vestibulum adipiscing tristique tortor. Sed congue nibh sit amet felis. Donec lectus lacus, luctus in, varius in, vehicula vel, nunc. Vestibulum ante ipsum primis in faucibus orci luctus et ultrices posuere cubilia Curae; Donec est tellus, bibendum eu, vulputate nec, lobortis ut, nibh. Aenean mollis pretium purus. Suspendisse potenti. Curabitur sed elit sed eros porttitor tempus. Praesent volutpat. Fusce at dui a tellus ornare ultrices. Nunc quis arcu. Cras dapibus. </nv:Description>
			</nv:Text>
			<nv:ServiceGroupId>SC_LONG_DESC</nv:ServiceGroupId>
		</nv:ServiceDetails>
		<nv:ServiceURI>http://193.65.182.78/epg_walkthetalk/epg_walkthetalk_iptv.xml</nv:ServiceURI>
		<nv:IconURI/>
		<nv:serviceAccountURI/>
		<nv:Auth>
			<nv:UserName>mediacharger</nv:UserName>

			<nv:Password>Buran_9o</nv:Password>
		</nv:Auth>
		<nv:IAP/>
	</nv:Service>

	<nv:Service Type="Search" Protocol="RSS2.0" ProviderID="http://gdata.youtube.com/feeds/mobile/videos?vq=#search#">
		<nv:ServiceDetails>
  			<nv:Text>
    				<nv:Title>Juutuubiloesen oma hakuaparaatti</nv:Title>
    				<nv:Description>"Neque porro quisquam est qui dolorem ipsum quia dolor sit amet, consectetur, adipisci velit..."</nv:Description>
  			</nv:Text>
  			<nv:ServiceGroupId>SC_LONG_DESC</nv:ServiceGroupId>
		</nv:ServiceDetails>
		<nv:searchURI>http://gdata.youtube.com/feeds/mobile/videos?vq=#search#&amp;orderby=relevance&amp;format=6&amp;alt=rss&amp;client=mv-nokia_rss</nv:searchURI>
		<nv:IconURI>http://odin.wipsl.com/~eevarihu/icons/search_b.png</nv:IconURI>
	</nv:Service>


	<nv:Service Type="VOD" Protocol="RSS2.0" ProviderID="jamstervideos_wrong_auth" Timestamp="2004-14-13T09:30:47.0Z">
		<nv:ServiceDetails>
			<nv:Text xml:lang="en">
				<nv:Title>Hamsterin ultimaalinen palavelu</nv:Title>
				<nv:Description>Lorem ipsum dolor sit amet, consectetuer adipiscing elit. Ut accumsan. Morbi dolor tellus, imperdiet eu, ultrices quis, iaculis ullamcorper, orci. Maecenas quis urna. Nunc laoreet ipsum vulputate arcu. Nullam mi felis, ornare eu, dignissim elementum, fringilla ut, augue. Nullam quis lorem. Praesent ac nunc. Phasellus sit amet sem in nisi consectetuer posuere. Aliquam vitae arcu a pede ornare dictum. Maecenas vel erat sit amet dolor commodo porttitor. Sed pharetra vehicula justo. Aliquam erat volutpat. Vestibulum ante ipsum primis in faucibus orci luctus et ultrices posuere cubilia Curae; Morbi vitae diam sed quam facilisis viverra. Etiam eget lacus. Sed sit amet odio. Nulla facilisi. Aliquam erat volutpat. Pellentesque habitant morbi tristique senectus et netus et malesuada fames ac turpis egestas. Fusce vitae urna ut dolor pharetra commodo.</nv:Description>

			</nv:Text>
			<nv:ServiceGroupId>SC_LONG_DESC</nv:ServiceGroupId>
		</nv:ServiceDetails>
		<nv:ServiceURI>http://nvc.jamba.de/videos.rss</nv:ServiceURI>
		<nv:IconURI></nv:IconURI>
		<nv:serviceAccountURI></nv:serviceAccountURI>
		<nv:Auth>
			<nv:UserName></nv:UserName>

			<nv:Password></nv:Password>
		</nv:Auth>
		<nv:IAP></nv:IAP>
	</nv:Service>

	<nv:Service Type="VOD" Protocol="RSS2.0" ProviderID="insidesonypictures" Timestamp="2004-14-13T09:30:47.0Z">
		<nv:ServiceDetails>
			<nv:Text xml:lang="en">
				<nv:Title>Sonyn kuvien sisuksissa</nv:Title>

				<nv:Description>Lorem Ipsum is simply dummy text of the printing and typesetting industry. Lorem Ipsum has been the industry's standard dummy text ever since the 1500s, when an unknown printer took a galley of type and scrambled it to make a type specimen book. It has survived not only five centuries, but also the leap into electronic typesetting, remaining essentially unchanged. It was popularised in the 1960s with the release of Letraset sheets containing Lorem Ipsum passages, and more recently with desktop publishing software like Aldus PageMaker including versions of Lorem Ipsum.</nv:Description>
			</nv:Text>
			<nv:ServiceGroupId>SC_LONG_DESC</nv:ServiceGroupId>
		</nv:ServiceDetails>
		<nv:ServiceURI>http://www.sonypictures.com/mobile/nokia/rss/sonypictures.rss</nv:ServiceURI>
		<nv:IconURI></nv:IconURI>
		<nv:serviceAccountURI></nv:serviceAccountURI>

		<nv:Auth>
			<nv:UserName></nv:UserName>
			<nv:Password></nv:Password>
		</nv:Auth>
		<nv:IAP></nv:IAP>
	</nv:Service>
	
</nv:ServiceGroupProvider>