<?xml version="1.0" encoding="UTF-8"?>

<nv:ServiceGroupProvider xmlns:nv="www.nokia.com/multimedia/video-service" xmlns:xsi="http://www.w3.org/2001/XMLSchema-instance" nv:schemaLocation="www.forum.nokia.com/multimedia/video-service/IPTVProvSchema" Version="1.0">

	<nv:Service Type="LiveTV" Protocol="XMLTV" ProviderID="SC_GROUP_CHANGING_VIA_TEST_SERVICE_XMLTV_WALKTHETALK_VIA" Timestamp="2007-02-05T09:30:47.0Z">
		<nv:ServiceDetails>
			<nv:Text xml:lang="en">
				<nv:Title>Walk The Talk</nv:Title>
				<nv:Description></nv:Description>
			</nv:Text>
			<nv:ServiceGroupId>SC_GROUP_CHANGING</nv:ServiceGroupId>
		</nv:ServiceDetails>
		<nv:ServiceURI>http://193.65.182.78/epg_walkthetalk/epg_walkthetalk_iptv.xml</nv:ServiceURI>
		<nv:IconURI></nv:IconURI>
		<nv:serviceAccountURI></nv:serviceAccountURI>
		<nv:Auth>
			<nv:UserName>mediacharger</nv:UserName>
			<nv:Password>Buran_9o</nv:Password>
		</nv:Auth>
		<nv:IAP></nv:IAP>
	</nv:Service>
	
	<nv:Service Type="VOD" Protocol="RSS2.0" ProviderID="SC_GROUP_CHANGING_VIA_TEST_SERVICE_XMLTV_VIA_SCHEDULEDDLPUBDATETEST_scheddl_date2015.xml" Timestamp="2007-04-24T09:30:47.0Z">
		<nv:ServiceDetails>
			<nv:Text xml:lang="en">
			<nv:Title>VOD: Scheduler test feed</nv:Title>
			<nv:Description>Vod with search URI</nv:Description>
			</nv:Text>
			<nv:ServiceGroupId>SC_GROUP_CHANGING</nv:ServiceGroupId>
		</nv:ServiceDetails>
		<nv:ServiceURI>http://193.65.182.78/scheddl_date2015.xml</nv:ServiceURI>
		<nv:IconURI/>
		<nv:serviceAccountURI/>
		<nv:searchURI>http://193.65.182.78/scheddl_date2015.xml</nv:searchURI>
		<nv:Auth>
			<nv:UserName>mediacharger</nv:UserName>
			<nv:Password>Buran_9o</nv:Password>
		</nv:Auth>
	</nv:Service>

  <nv:Service Type="Browser" Protocol="HTTP" ProviderID="SC_GROUP_CHANGING_LINK:http://www.youtube.com/" Timestamp="2008-9-3T14:3:51.0Z">
    <nv:ServiceDetails>
      <nv:Text xml:lang="en">
        <nv:Title>WEBLINK: Youtube</nv:Title>
        <nv:Description>Web link to Youtube</nv:Description>
      </nv:Text>
        <nv:ServiceGroupId>SC_GROUP_CHANGING</nv:ServiceGroupId>
    </nv:ServiceDetails>
    <nv:ServiceURI>http://www.youtube.com/</nv:ServiceURI>
    <nv:IconURI>http://www.youtube.com/img/pic_youtubelogo_123x63.gif</nv:IconURI>
    <nv:Auth>
      <nv:UserName></nv:UserName>
      <nv:Password></nv:Password>
    </nv:Auth>
    <nv:IAP></nv:IAP>
  </nv:Service>
	
	<nv:Service Type="VOD" Protocol="RSS2.0" ProviderID="SC_GROUP_CHANGING_VIA_TEST_SERVICE_VC_NSERIES_CATCHA7" Timestamp="2004-14-13T09:30:47.0Z">
		<nv:ServiceDetails>
			<nv:Text xml:lang="en">
				<nv:Title>VOD: NSeries - categories</nv:Title>
				<nv:Description>desc</nv:Description>
			</nv:Text>
			<nv:ServiceGroupId>SC_GROUP_CHANGING</nv:ServiceGroupId>
		</nv:ServiceDetails>

		<nv:ServiceURI>http://193.65.182.78/nseries_cat.xml</nv:ServiceURI>
		<nv:IconURI></nv:IconURI>
		<nv:serviceAccountURI></nv:serviceAccountURI>
		<nv:Auth>
			<nv:UserName>mediacharger</nv:UserName>
			<nv:Password>Buran_9o</nv:Password>
		</nv:Auth>

		<nv:IAP></nv:IAP>
	</nv:Service>	

	<nv:Service Type="VOD" Protocol="RSS2.0" ProviderID="SC_GROUP_CHANGING_VIA_TEST_SERVICE_VC_NSERIES_CATCHA6" Timestamp="2004-14-13T09:30:47.0Z">
		<nv:ServiceDetails>
			<nv:Text xml:lang="en">
				<nv:Title>VOD: NSeries - categories and channels</nv:Title>
				<nv:Description>desc</nv:Description>
			</nv:Text>
			<nv:ServiceGroupId>SC_GROUP_CHANGING</nv:ServiceGroupId>
		</nv:ServiceDetails>

		<nv:ServiceURI>http://193.65.182.78/nseries_cat_and_channels.xml</nv:ServiceURI>
		<nv:IconURI></nv:IconURI>
		<nv:serviceAccountURI></nv:serviceAccountURI>
		<nv:Auth>
			<nv:UserName>mediacharger</nv:UserName>
			<nv:Password>Buran_9o</nv:Password>
		</nv:Auth>

		<nv:IAP></nv:IAP>
	</nv:Service>
	
  <nv:Service Type="Search" Protocol="HTTP" ProviderID="SC_GROUP_CHANGING_YOUTUBE_SEARCH" Timestamp="2008-9-3T14:3:51.0Z">
    <nv:ServiceDetails>
      <nv:Text xml:lang="en">
        <nv:Title>SEARCH: Youtube</nv:Title>
        <nv:Description>Search from youtube</nv:Description>
      </nv:Text>
      <nv:ServiceGroupId>SC_GROUP_CHANGING</nv:ServiceGroupId>
    </nv:ServiceDetails>
    <nv:searchURI>http://gdata.youtube.com/feeds/mobile/videos?vq=#search#&amp;orderby=relevance&amp;format=6&amp;alt=rss</nv:searchURI>
    <nv:IconURI>http://www.youtube.com/img/pic_youtubelogo_123x63.gif</nv:IconURI>
    <nv:Auth>
      <nv:UserName></nv:UserName>
      <nv:Password></nv:Password>
    </nv:Auth>
    <nv:IAP></nv:IAP>
  </nv:Service>

</nv:ServiceGroupProvider>
