<?xml version="1.0" encoding="UTF-8"?>

<nv:ServiceGroupProvider xmlns:nv="www.nokia.com/multimedia/video-service" xmlns:xsi="http://www.w3.org/2001/XMLSchema-instance" nv:schemaLocation="www.forum.nokia.com/multimedia/video-service/IPTVProvSchema" Version="1.0">

	<nv:Service Type="VOD" Protocol="RSS2.0" ProviderID="SC_ODDURI_VOD" Timestamp="2007-04-24T09:30:47.0Z">
		<nv:ServiceDetails>
			<nv:Text xml:lang="en">
			<nv:Title>VOD: Odd uri vod</nv:Title>
			<nv:Description>Vod, just a vod, nothing else.</nv:Description>
			</nv:Text>
			<nv:ServiceGroupId>SC_GROUP_ODDURI</nv:ServiceGroupId>
		</nv:ServiceDetails>
		<nv:ServiceURI>http://193.65.182.78/sc_odduri_feed.rss</nv:ServiceURI>
		<nv:IconURI/>
		<nv:serviceAccountURI/>
		<nv:Auth>
			<nv:UserName>mediacharger</nv:UserName>
			<nv:Password>Buran_9o</nv:Password>
		</nv:Auth>
	</nv:Service>

</nv:ServiceGroupProvider>
